{
  "project_info": {
    "project_number": "228522284314",
    "project_id": "eniato-8eebc",
    "storage_bucket": "eniato-8eebc.appspot.com"
  },
  "client": [
    {
      "client_info": {
        "mobilesdk_app_id": "1:228522284314:android:504e03016a25f7b6b748a3",
        "android_client_info": {
          "package_name": "com.flutterflow.finwallet"
        }
      },
      "oauth_client": [
        {
          "client_id": "228522284314-rkillfg78h22mkpn1k5asd30m1khccjj.apps.googleusercontent.com",
          "client_type": 3
        }
      ],
      "api_key": [
        {
          "current_key": "AIzaSyAKE__Szji29MwTyb8Sqw3f--hy5l_WtL4"
        }
      ],
      "services": {
        "appinvite_service": {
          "other_platform_oauth_client": [
            {
              "client_id": "228522284314-rkillfg78h22mkpn1k5asd30m1khccjj.apps.googleusercontent.com",
              "client_type": 3
            },
            {
              "client_id": "228522284314-kf8tdnucfg5tpk24631avtj5m2mmdiph.apps.googleusercontent.com",
              "client_type": 2,
              "ios_info": {
                "bundle_id": "com.flutterflow.finwallet"
              }
            }
          ]
        }
      }
    }
  ],
  "configuration_version": "1"
}